# Redirects to the latest all-in-one install file with namespace replacement
/install/latest                     namespace=:namespace                    /.netlify/functions/namespace?namespace=:namespace                          200

# Redirects to the latest all-in-one install file and examples
/install/latest                     https://github.com/strimzi/strimzi-kafka-operator/releases/download/0.50.0/strimzi-cluster-operator-0.50.0.yaml     200
/examples/latest/*                  https://raw.githubusercontent.com/strimzi/strimzi-kafka-operator/main/examples/:splat                               200

# Redirects for old website URL structure
/2018/:month/:date/:slug            /blog/2018/:month/:date/:slug                                                                                       301
/2019/:month/:date/:slug            /blog/2019/:month/:date/:slug                                                                                       301
/2020/:month/:date/:slug            /blog/2020/:month/:date/:slug                                                                                       301

# Redirects for old docs structure => before new website
/docs/overview/latest/full.html     /docs/operators/latest/full/overview.html                                                                           301
/docs/quickstart/latest/full.html   /docs/operators/latest/full/quickstart.html                                                                         301
/docs/latest/full.html              /docs/operators/latest/full/using.html                                                                              301
/docs/overview/latest/              /docs/operators/latest/overview.html                                                                                301
/docs/quickstart/latest/            /docs/operators/latest/quickstart.html                                                                              301
/docs/latest/                       /docs/operators/latest/using.html                                                                                   301
/docs/overview/master/full.html     /docs/operators/in-development/full/overview.html                                                                   301
/docs/quickstart/master/full.html   /docs/operators/in-development/full/quickstart.html                                                                 301
/docs/master/full.html              /docs/operators/in-development/full/configuring.html                                                                301
/docs/overview/master/              /docs/operators/in-development/overview.html                                                                        301
/docs/quickstart/master/            /docs/operators/in-development/quickstart.html                                                                      301
/docs/master/                       /docs/operators/in-development/configuring.html                                                                     301
/quickstarts/minikube               /quickstarts/                                                                                                       301

# Redirects for old docs structure => before renaming master to in-development
/docs/operators/master/full/overview.html           /docs/operators/in-development/full/overview.html                                                   301
/docs/operators/master/full/quickstart.html         /docs/operators/in-development/full/quickstart.html                                                 301
/docs/operators/master/full/deploying.html          /docs/operators/in-development/full/deploying.html                                                  301
/docs/operators/master/full/using.html              /docs/operators/in-development/full/configuring.html                                                301
/docs/operators/master/overview.html                /docs/operators/in-development/overview.html                                                        301
/docs/operators/master/quickstart.html              /docs/operators/in-development/quickstart.html                                                      301
/docs/operators/master/deploying.html               /docs/operators/in-development/deploying.html                                                       301
/docs/operators/master/using.html                   /docs/operators/in-development/configuring.html                                                     301
/docs/bridge/master/                                /docs/bridge/in-development/                                                                        301
/docs/bridge/master/full.html                       /docs/bridge/in-development/full/bridge.html                                                        301

# Redirect for old using guide now renamed configuring guide
/docs/operators/in-development/using.html           /docs/operators/in-development/configuring.html                                                     301
/docs/operators/in-development/full/using.html      /docs/operators/in-development/full/configuring.html                                                301
/docs/operators/latest/using.html                   /docs/operators/latest/configuring.html                                                             301
/docs/operators/latest/full/using.html              /docs/operators/latest/full/configuring.html                                                        301

# Redirects for old community page
/community/*                        /join-us/                                                                                                           301

# Redirects for old roadmap page
/roadmap/*                          https://github.com/orgs/strimzi/projects/4                                                                          301